-- phpMyAdmin SQL Dump
-- version 5.1.3
-- https://www.phpmyadmin.net/
--
-- Хост: 127.0.0.1:3306
-- Время создания: Авг 10 2022 г., 23:42
-- Версия сервера: 5.6.51
-- Версия PHP: 8.0.18

SET SQL_MODE = "NO_AUTO_VALUE_ON_ZERO";
START TRANSACTION;
SET time_zone = "+00:00";


/*!40101 SET @OLD_CHARACTER_SET_CLIENT=@@CHARACTER_SET_CLIENT */;
/*!40101 SET @OLD_CHARACTER_SET_RESULTS=@@CHARACTER_SET_RESULTS */;
/*!40101 SET @OLD_COLLATION_CONNECTION=@@COLLATION_CONNECTION */;
/*!40101 SET NAMES utf8mb4 */;

--
-- База данных: `laravel_orders`
--

-- --------------------------------------------------------

--
-- Структура таблицы `categories`
--

CREATE TABLE `categories` (
  `id` bigint(20) UNSIGNED NOT NULL,
  `category` varchar(191) COLLATE utf8mb4_unicode_ci NOT NULL,
  `created_at` timestamp NULL DEFAULT NULL,
  `updated_at` timestamp NULL DEFAULT NULL
) ENGINE=InnoDB DEFAULT CHARSET=utf8mb4 COLLATE=utf8mb4_unicode_ci;

--
-- Дамп данных таблицы `categories`
--

INSERT INTO `categories` (`id`, `category`, `created_at`, `updated_at`) VALUES
(1, 'disconnected', NULL, NULL),
(2, 'check/cheapening', NULL, NULL),
(3, 'tech_question', NULL, NULL),
(4, 'other', NULL, NULL);

-- --------------------------------------------------------

--
-- Структура таблицы `failed_jobs`
--

CREATE TABLE `failed_jobs` (
  `id` bigint(20) UNSIGNED NOT NULL,
  `uuid` varchar(191) COLLATE utf8mb4_unicode_ci NOT NULL,
  `connection` text COLLATE utf8mb4_unicode_ci NOT NULL,
  `queue` text COLLATE utf8mb4_unicode_ci NOT NULL,
  `payload` longtext COLLATE utf8mb4_unicode_ci NOT NULL,
  `exception` longtext COLLATE utf8mb4_unicode_ci NOT NULL,
  `failed_at` timestamp NOT NULL DEFAULT CURRENT_TIMESTAMP
) ENGINE=InnoDB DEFAULT CHARSET=utf8mb4 COLLATE=utf8mb4_unicode_ci;

-- --------------------------------------------------------

--
-- Структура таблицы `managers`
--

CREATE TABLE `managers` (
  `id` bigint(20) UNSIGNED NOT NULL,
  `name` varchar(191) COLLATE utf8mb4_unicode_ci NOT NULL,
  `surname` varchar(191) COLLATE utf8mb4_unicode_ci NOT NULL,
  `created_at` timestamp NULL DEFAULT NULL,
  `updated_at` timestamp NULL DEFAULT NULL
) ENGINE=InnoDB DEFAULT CHARSET=utf8mb4 COLLATE=utf8mb4_unicode_ci;

--
-- Дамп данных таблицы `managers`
--

INSERT INTO `managers` (`id`, `name`, `surname`, `created_at`, `updated_at`) VALUES
(1, 'Junior', 'Bradtke', '2022-08-10 08:23:23', '2022-08-10 08:23:23'),
(2, 'Crystel', 'Dickinson', '2022-08-10 08:23:23', '2022-08-10 08:23:23'),
(3, 'Devan', 'Smith', '2022-08-10 08:23:23', '2022-08-10 08:23:23'),
(4, 'Ruthe', 'Stamm', '2022-08-10 08:23:23', '2022-08-10 08:23:23');

-- --------------------------------------------------------

--
-- Структура таблицы `migrations`
--

CREATE TABLE `migrations` (
  `id` int(10) UNSIGNED NOT NULL,
  `migration` varchar(191) COLLATE utf8mb4_unicode_ci NOT NULL,
  `batch` int(11) NOT NULL
) ENGINE=InnoDB DEFAULT CHARSET=utf8mb4 COLLATE=utf8mb4_unicode_ci;

--
-- Дамп данных таблицы `migrations`
--

INSERT INTO `migrations` (`id`, `migration`, `batch`) VALUES
(25, '2014_10_12_000000_create_users_table', 1),
(26, '2014_10_12_100000_create_password_resets_table', 1),
(27, '2019_08_19_000000_create_failed_jobs_table', 1),
(28, '2019_12_14_000001_create_personal_access_tokens_table', 1),
(29, '2022_08_10_074453_create_odrers_table', 1),
(30, '2022_08_10_074521_create_managers_table', 1),
(31, '2022_08_10_074553_create_categories_table', 1),
(32, '2022_08_10_074620_create_statuses_table', 1);

-- --------------------------------------------------------

--
-- Структура таблицы `orders`
--

CREATE TABLE `orders` (
  `id` bigint(20) UNSIGNED NOT NULL,
  `num_order` varchar(191) COLLATE utf8mb4_unicode_ci NOT NULL,
  `status_id` varchar(191) COLLATE utf8mb4_unicode_ci NOT NULL,
  `date_create` date NOT NULL,
  `date_close` date DEFAULT NULL,
  `manager_id` int(10) UNSIGNED NOT NULL,
  `category_id` int(10) UNSIGNED NOT NULL,
  `created_at` timestamp NULL DEFAULT NULL,
  `updated_at` timestamp NULL DEFAULT NULL
) ENGINE=InnoDB DEFAULT CHARSET=utf8mb4 COLLATE=utf8mb4_unicode_ci;

--
-- Дамп данных таблицы `orders`
--

INSERT INTO `orders` (`id`, `num_order`, `status_id`, `date_create`, `date_close`, `manager_id`, `category_id`, `created_at`, `updated_at`) VALUES
(1, '274', '1', '2021-10-20', NULL, 2, 4, '2022-08-10 08:23:23', '2022-08-10 08:23:23'),
(2, '394', '2', '2022-08-01', NULL, 1, 4, '2022-08-10 08:23:23', '2022-08-10 08:23:23'),
(3, '41', '2', '2021-09-23', NULL, 4, 1, '2022-08-10 08:23:23', '2022-08-10 08:23:23'),
(4, '435', '3', '2022-02-23', '2022-03-08', 1, 2, '2022-08-10 08:23:23', '2022-08-10 08:23:23'),
(5, '478', '2', '2022-01-14', NULL, 4, 2, '2022-08-10 08:23:23', '2022-08-10 08:23:23'),
(6, '142', '3', '2021-11-03', '2021-11-20', 3, 1, '2022-08-10 08:23:23', '2022-08-10 08:23:23'),
(7, '362', '2', '2022-02-13', NULL, 4, 2, '2022-08-10 08:23:23', '2022-08-10 08:23:23'),
(8, '442', '3', '2021-10-13', '2021-10-31', 1, 4, '2022-08-10 08:23:23', '2022-08-10 08:23:23'),
(9, '259', '3', '2022-04-02', '2022-04-15', 4, 3, '2022-08-10 08:23:23', '2022-08-10 08:23:23'),
(10, '312', '2', '2022-05-15', NULL, 3, 1, '2022-08-10 08:23:23', '2022-08-10 08:23:23'),
(11, '469', '1', '2021-11-29', NULL, 4, 2, '2022-08-10 08:23:23', '2022-08-10 08:23:23'),
(12, '308', '2', '2021-12-26', NULL, 4, 1, '2022-08-10 08:23:23', '2022-08-10 08:23:23'),
(13, '81', '3', '2022-07-19', '2022-07-24', 4, 2, '2022-08-10 08:23:23', '2022-08-10 08:23:23'),
(14, '293', '3', '2022-07-19', '2022-07-31', 2, 1, '2022-08-10 08:23:23', '2022-08-10 08:23:23'),
(15, '390', '3', '2022-01-09', '2022-01-21', 2, 1, '2022-08-10 08:23:23', '2022-08-10 08:23:23'),
(16, '407', '3', '2021-11-04', '2021-11-04', 2, 4, '2022-08-10 08:23:23', '2022-08-10 08:23:23'),
(17, '104', '1', '2022-06-27', NULL, 3, 1, '2022-08-10 08:23:23', '2022-08-10 08:23:23'),
(18, '437', '1', '2022-03-31', NULL, 1, 4, '2022-08-10 08:23:23', '2022-08-10 08:23:23'),
(19, '171', '1', '2021-09-04', NULL, 3, 2, '2022-08-10 08:23:23', '2022-08-10 08:23:23'),
(20, '84', '2', '2022-02-11', NULL, 2, 4, '2022-08-10 08:23:23', '2022-08-10 08:23:23'),
(21, '398', '2', '2021-11-27', NULL, 3, 3, '2022-08-10 08:23:23', '2022-08-10 08:23:23'),
(22, '8', '1', '2022-03-26', NULL, 3, 4, '2022-08-10 08:23:23', '2022-08-10 08:23:23'),
(23, '67', '1', '2022-07-04', NULL, 4, 1, '2022-08-10 08:23:23', '2022-08-10 08:23:23'),
(24, '136', '3', '2021-12-04', '2021-12-11', 4, 3, '2022-08-10 08:23:23', '2022-08-10 08:23:23'),
(25, '168', '2', '2021-09-14', NULL, 3, 2, '2022-08-10 08:23:23', '2022-08-10 08:23:23'),
(26, '332', '2', '2021-08-21', NULL, 1, 3, '2022-08-10 08:23:23', '2022-08-10 08:23:23'),
(27, '154', '3', '2022-04-06', '2022-04-09', 3, 3, '2022-08-10 08:23:23', '2022-08-10 08:23:23'),
(28, '105', '3', '2022-04-29', '2022-05-05', 1, 1, '2022-08-10 08:23:23', '2022-08-10 08:23:23'),
(29, '13', '3', '2021-12-03', '2021-12-20', 2, 3, '2022-08-10 08:23:23', '2022-08-10 08:23:23'),
(30, '283', '2', '2021-08-17', NULL, 4, 1, '2022-08-10 08:23:23', '2022-08-10 08:23:23'),
(31, '30', '1', '2021-09-24', NULL, 3, 3, '2022-08-10 08:23:23', '2022-08-10 08:23:23'),
(32, '91', '1', '2022-02-26', NULL, 2, 1, '2022-08-10 08:23:23', '2022-08-10 08:23:23'),
(33, '486', '1', '2022-02-05', NULL, 2, 3, '2022-08-10 08:23:23', '2022-08-10 08:23:23'),
(34, '148', '3', '2022-02-21', '2022-03-01', 3, 2, '2022-08-10 08:23:23', '2022-08-10 08:23:23'),
(35, '386', '2', '2021-09-06', NULL, 4, 1, '2022-08-10 08:23:23', '2022-08-10 08:23:23'),
(36, '27', '3', '2022-03-05', '2022-03-17', 3, 4, '2022-08-10 08:23:23', '2022-08-10 08:23:23'),
(37, '23', '2', '2022-05-25', NULL, 1, 3, '2022-08-10 08:23:23', '2022-08-10 08:23:23'),
(38, '314', '2', '2021-12-06', NULL, 1, 2, '2022-08-10 08:23:23', '2022-08-10 08:23:23'),
(39, '15', '1', '2021-10-26', NULL, 2, 3, '2022-08-10 08:23:23', '2022-08-10 08:23:23'),
(40, '306', '3', '2022-04-30', '2022-05-16', 3, 4, '2022-08-10 08:23:23', '2022-08-10 08:23:23'),
(41, '383', '2', '2021-08-18', NULL, 1, 3, '2022-08-10 08:23:23', '2022-08-10 08:23:23'),
(42, '461', '2', '2022-03-18', NULL, 2, 2, '2022-08-10 08:23:23', '2022-08-10 08:23:23'),
(43, '492', '2', '2021-12-04', NULL, 1, 1, '2022-08-10 08:23:23', '2022-08-10 08:23:23'),
(44, '21', '1', '2022-02-05', NULL, 1, 1, '2022-08-10 08:23:23', '2022-08-10 08:23:23'),
(45, '152', '2', '2021-09-20', NULL, 1, 1, '2022-08-10 08:23:23', '2022-08-10 08:23:23'),
(46, '382', '1', '2022-03-27', NULL, 1, 4, '2022-08-10 08:23:23', '2022-08-10 08:23:23'),
(47, '170', '1', '2022-06-07', NULL, 2, 4, '2022-08-10 08:23:23', '2022-08-10 08:23:23'),
(48, '447', '2', '2022-06-16', NULL, 2, 2, '2022-08-10 08:23:23', '2022-08-10 08:23:23'),
(49, '7', '1', '2022-08-05', NULL, 2, 4, '2022-08-10 08:23:23', '2022-08-10 08:23:23'),
(50, '473', '1', '2022-04-27', NULL, 1, 4, '2022-08-10 08:23:23', '2022-08-10 08:23:23'),
(51, '480', '3', '2022-07-14', '2022-07-15', 1, 3, '2022-08-10 08:23:23', '2022-08-10 08:23:23'),
(52, '161', '3', '2021-12-26', '2022-01-14', 4, 4, '2022-08-10 08:23:23', '2022-08-10 08:23:23'),
(53, '345', '1', '2021-12-16', NULL, 4, 4, '2022-08-10 08:23:23', '2022-08-10 08:23:23'),
(54, '380', '3', '2022-01-29', '2022-01-31', 4, 2, '2022-08-10 08:23:23', '2022-08-10 08:23:23'),
(55, '40', '3', '2021-09-10', '2021-09-16', 2, 3, '2022-08-10 08:23:23', '2022-08-10 08:23:23'),
(56, '225', '2', '2021-09-12', NULL, 4, 4, '2022-08-10 08:23:23', '2022-08-10 08:23:23'),
(57, '459', '2', '2021-08-17', NULL, 2, 2, '2022-08-10 08:23:23', '2022-08-10 08:23:23'),
(58, '279', '1', '2021-10-25', NULL, 2, 3, '2022-08-10 08:23:23', '2022-08-10 08:23:23'),
(59, '130', '2', '2022-01-31', NULL, 2, 4, '2022-08-10 08:23:23', '2022-08-10 08:23:23'),
(60, '357', '2', '2022-04-26', NULL, 2, 2, '2022-08-10 08:23:23', '2022-08-10 08:23:23'),
(61, '487', '3', '2022-06-14', '2022-07-01', 2, 4, '2022-08-10 08:23:23', '2022-08-10 08:23:23'),
(62, '484', '1', '2021-12-21', NULL, 1, 2, '2022-08-10 08:23:23', '2022-08-10 08:23:23'),
(63, '157', '2', '2021-12-25', NULL, 1, 4, '2022-08-10 08:23:23', '2022-08-10 08:23:23'),
(64, '5', '3', '2022-01-19', '2022-01-30', 1, 3, '2022-08-10 08:23:23', '2022-08-10 08:23:23'),
(65, '427', '1', '2022-01-22', NULL, 3, 4, '2022-08-10 08:23:23', '2022-08-10 08:23:23'),
(66, '457', '3', '2022-05-29', '2022-06-08', 4, 4, '2022-08-10 08:23:23', '2022-08-10 08:23:23'),
(67, '37', '3', '2022-07-15', '2022-07-19', 4, 4, '2022-08-10 08:23:23', '2022-08-10 08:23:23'),
(68, '326', '1', '2021-09-21', NULL, 1, 3, '2022-08-10 08:23:23', '2022-08-10 08:23:23'),
(69, '393', '2', '2022-03-18', NULL, 1, 4, '2022-08-10 08:23:23', '2022-08-10 08:23:23'),
(70, '117', '3', '2021-09-30', '2021-10-01', 1, 1, '2022-08-10 08:23:23', '2022-08-10 08:23:23'),
(71, '472', '1', '2021-10-20', NULL, 2, 3, '2022-08-10 08:23:23', '2022-08-10 08:23:23'),
(72, '26', '2', '2021-10-08', NULL, 3, 3, '2022-08-10 08:23:23', '2022-08-10 08:23:23'),
(73, '369', '2', '2021-09-15', NULL, 3, 3, '2022-08-10 08:23:23', '2022-08-10 08:23:23'),
(74, '54', '2', '2022-03-10', NULL, 4, 2, '2022-08-10 08:23:23', '2022-08-10 08:23:23'),
(75, '18', '2', '2022-05-23', NULL, 1, 1, '2022-08-10 08:23:23', '2022-08-10 08:23:23'),
(76, '299', '1', '2022-02-24', NULL, 1, 3, '2022-08-10 08:23:23', '2022-08-10 08:23:23'),
(77, '479', '3', '2021-08-19', '2021-09-06', 3, 4, '2022-08-10 08:23:23', '2022-08-10 08:23:23'),
(78, '221', '1', '2021-11-26', NULL, 1, 2, '2022-08-10 08:23:23', '2022-08-10 08:23:23'),
(79, '402', '2', '2022-05-05', NULL, 4, 3, '2022-08-10 08:23:23', '2022-08-10 08:23:23'),
(80, '210', '2', '2021-12-18', NULL, 2, 3, '2022-08-10 08:23:23', '2022-08-10 08:23:23'),
(81, '378', '1', '2021-12-04', NULL, 3, 2, '2022-08-10 08:23:23', '2022-08-10 08:23:23'),
(82, '320', '2', '2021-08-18', NULL, 4, 2, '2022-08-10 08:23:23', '2022-08-10 08:23:23'),
(83, '97', '2', '2022-03-20', NULL, 1, 1, '2022-08-10 08:23:23', '2022-08-10 08:23:23'),
(84, '55', '2', '2022-06-18', NULL, 2, 2, '2022-08-10 08:23:23', '2022-08-10 08:23:23'),
(85, '144', '2', '2021-08-12', NULL, 2, 2, '2022-08-10 08:23:23', '2022-08-10 08:23:23'),
(86, '254', '2', '2021-12-13', NULL, 1, 1, '2022-08-10 08:23:23', '2022-08-10 08:23:23'),
(87, '71', '1', '2022-03-25', NULL, 3, 2, '2022-08-10 08:23:23', '2022-08-10 08:23:23'),
(88, '460', '1', '2022-06-26', NULL, 4, 1, '2022-08-10 08:23:23', '2022-08-10 08:23:23'),
(89, '300', '3', '2022-01-28', '2022-01-29', 4, 4, '2022-08-10 08:23:23', '2022-08-10 08:23:23'),
(90, '311', '3', '2022-07-17', '2022-07-25', 4, 3, '2022-08-10 08:23:23', '2022-08-10 08:23:23'),
(91, '438', '2', '2021-09-17', NULL, 1, 3, '2022-08-10 08:23:23', '2022-08-10 08:23:23'),
(92, '257', '3', '2021-08-17', '2021-08-21', 3, 3, '2022-08-10 08:23:23', '2022-08-10 08:23:23'),
(93, '376', '3', '2022-02-18', '2022-02-20', 1, 1, '2022-08-10 08:23:23', '2022-08-10 08:23:23'),
(94, '374', '2', '2022-02-18', NULL, 1, 2, '2022-08-10 08:23:23', '2022-08-10 08:23:23'),
(95, '118', '1', '2022-06-23', NULL, 1, 4, '2022-08-10 08:23:23', '2022-08-10 08:23:23'),
(96, '256', '3', '2021-08-31', '2021-09-11', 4, 1, '2022-08-10 08:23:23', '2022-08-10 08:23:23'),
(97, '234', '1', '2021-11-24', NULL, 1, 2, '2022-08-10 08:23:23', '2022-08-10 08:23:23'),
(98, '29', '3', '2022-03-29', '2022-04-16', 2, 4, '2022-08-10 08:23:23', '2022-08-10 08:23:23'),
(99, '247', '3', '2022-04-23', '2022-05-03', 1, 4, '2022-08-10 08:23:23', '2022-08-10 08:23:23'),
(100, '198', '2', '2022-07-15', NULL, 1, 1, '2022-08-10 08:23:23', '2022-08-10 08:23:23'),
(101, '404', '3', '2022-02-06', '2022-02-14', 1, 2, '2022-08-10 08:23:23', '2022-08-10 08:23:23'),
(102, '251', '1', '2021-12-23', NULL, 3, 3, '2022-08-10 08:23:23', '2022-08-10 08:23:23'),
(103, '34', '1', '2022-08-04', NULL, 4, 1, '2022-08-10 08:23:23', '2022-08-10 08:23:23'),
(104, '373', '1', '2022-07-20', NULL, 2, 1, '2022-08-10 08:23:23', '2022-08-10 08:23:23'),
(105, '385', '2', '2022-03-29', NULL, 2, 1, '2022-08-10 08:23:23', '2022-08-10 08:23:23'),
(106, '121', '2', '2022-07-17', NULL, 1, 1, '2022-08-10 08:23:23', '2022-08-10 08:23:23'),
(107, '313', '2', '2022-04-24', NULL, 1, 3, '2022-08-10 08:23:23', '2022-08-10 08:23:23'),
(108, '462', '2', '2021-11-24', NULL, 1, 2, '2022-08-10 08:23:23', '2022-08-10 08:23:23'),
(109, '61', '2', '2021-11-29', NULL, 1, 2, '2022-08-10 08:23:23', '2022-08-10 08:23:23'),
(110, '181', '2', '2022-01-28', NULL, 1, 4, '2022-08-10 08:23:23', '2022-08-10 08:23:23'),
(111, '38', '2', '2022-05-12', NULL, 4, 2, '2022-08-10 08:23:23', '2022-08-10 08:23:23'),
(112, '263', '2', '2022-04-09', NULL, 3, 4, '2022-08-10 08:23:23', '2022-08-10 08:23:23'),
(113, '494', '1', '2021-09-29', NULL, 3, 2, '2022-08-10 08:23:23', '2022-08-10 08:23:23'),
(114, '280', '2', '2022-06-22', NULL, 1, 4, '2022-08-10 08:23:23', '2022-08-10 08:23:23'),
(115, '101', '3', '2022-04-23', '2022-05-12', 2, 2, '2022-08-10 08:23:23', '2022-08-10 08:23:23'),
(116, '95', '1', '2022-05-05', NULL, 3, 2, '2022-08-10 08:23:23', '2022-08-10 08:23:23'),
(117, '206', '3', '2021-10-23', '2021-10-25', 3, 2, '2022-08-10 08:23:23', '2022-08-10 08:23:23'),
(118, '174', '2', '2022-03-05', NULL, 3, 2, '2022-08-10 08:23:23', '2022-08-10 08:23:23'),
(119, '319', '2', '2021-09-16', NULL, 1, 4, '2022-08-10 08:23:23', '2022-08-10 08:23:23'),
(120, '321', '2', '2022-04-13', NULL, 3, 3, '2022-08-10 08:23:23', '2022-08-10 08:23:23'),
(121, '489', '2', '2022-05-23', NULL, 2, 3, '2022-08-10 08:23:23', '2022-08-10 08:23:23'),
(122, '497', '3', '2022-04-11', '2022-04-17', 3, 2, '2022-08-10 08:23:23', '2022-08-10 08:23:23'),
(123, '52', '3', '2022-02-17', '2022-02-19', 2, 1, '2022-08-10 08:23:23', '2022-08-10 08:23:23'),
(124, '103', '1', '2021-12-24', NULL, 1, 1, '2022-08-10 08:23:23', '2022-08-10 08:23:23'),
(125, '270', '3', '2021-09-04', '2021-09-05', 1, 1, '2022-08-10 08:23:23', '2022-08-10 08:23:23'),
(126, '418', '1', '2022-03-07', NULL, 3, 4, '2022-08-10 08:23:23', '2022-08-10 08:23:23'),
(127, '425', '2', '2022-03-01', NULL, 3, 1, '2022-08-10 08:23:23', '2022-08-10 08:23:23'),
(128, '485', '3', '2021-10-23', '2021-10-25', 2, 1, '2022-08-10 08:23:23', '2022-08-10 08:23:23'),
(129, '189', '1', '2022-03-08', NULL, 4, 3, '2022-08-10 08:23:23', '2022-08-10 08:23:23'),
(130, '244', '1', '2022-05-08', NULL, 4, 3, '2022-08-10 08:23:23', '2022-08-10 08:23:23'),
(131, '366', '2', '2021-10-01', NULL, 4, 3, '2022-08-10 08:23:23', '2022-08-10 08:23:23'),
(132, '439', '3', '2021-11-20', '2021-12-06', 1, 1, '2022-08-10 08:23:23', '2022-08-10 08:23:23'),
(133, '163', '3', '2022-06-21', '2022-07-07', 1, 3, '2022-08-10 08:23:23', '2022-08-10 08:23:23'),
(134, '140', '3', '2021-10-15', '2021-11-01', 4, 1, '2022-08-10 08:23:23', '2022-08-10 08:23:23'),
(135, '303', '2', '2022-04-27', NULL, 3, 2, '2022-08-10 08:23:23', '2022-08-10 08:23:23'),
(136, '218', '2', '2021-09-10', NULL, 3, 3, '2022-08-10 08:23:23', '2022-08-10 08:23:23'),
(137, '159', '3', '2022-04-12', '2022-04-13', 4, 4, '2022-08-10 08:23:23', '2022-08-10 08:23:23'),
(138, '160', '1', '2022-01-17', NULL, 3, 3, '2022-08-10 08:23:23', '2022-08-10 08:23:23'),
(139, '230', '3', '2021-09-01', '2021-09-05', 3, 4, '2022-08-10 08:23:23', '2022-08-10 08:23:23'),
(140, '48', '1', '2022-03-30', NULL, 3, 3, '2022-08-10 08:23:23', '2022-08-10 08:23:23'),
(141, '411', '1', '2022-03-07', NULL, 1, 4, '2022-08-10 08:23:23', '2022-08-10 08:23:23'),
(142, '25', '1', '2022-02-14', NULL, 3, 4, '2022-08-10 08:23:23', '2022-08-10 08:23:23'),
(143, '229', '3', '2021-08-21', '2021-08-29', 4, 2, '2022-08-10 08:23:23', '2022-08-10 08:23:23'),
(144, '219', '1', '2022-04-10', NULL, 1, 4, '2022-08-10 08:23:23', '2022-08-10 08:23:23'),
(145, '12', '1', '2021-11-17', NULL, 3, 4, '2022-08-10 08:23:23', '2022-08-10 08:23:23'),
(146, '426', '3', '2021-09-03', '2021-09-08', 2, 1, '2022-08-10 08:23:23', '2022-08-10 08:23:23'),
(147, '266', '2', '2022-04-05', NULL, 2, 2, '2022-08-10 08:23:23', '2022-08-10 08:23:23'),
(148, '188', '2', '2021-11-24', NULL, 1, 3, '2022-08-10 08:23:23', '2022-08-10 08:23:23'),
(149, '109', '1', '2022-07-13', NULL, 1, 4, '2022-08-10 08:23:23', '2022-08-10 08:23:23'),
(150, '110', '3', '2022-02-14', '2022-03-06', 4, 2, '2022-08-10 08:23:23', '2022-08-10 08:23:23'),
(151, '331', '3', '2022-01-18', '2022-01-24', 3, 2, '2022-08-10 08:23:23', '2022-08-10 08:23:23'),
(152, '284', '1', '2022-06-29', NULL, 2, 2, '2022-08-10 08:23:23', '2022-08-10 08:23:23'),
(153, '68', '1', '2022-05-18', NULL, 2, 3, '2022-08-10 08:23:23', '2022-08-10 08:23:23'),
(154, '458', '3', '2021-09-28', '2021-10-18', 4, 1, '2022-08-10 08:23:23', '2022-08-10 08:23:23'),
(155, '211', '3', '2022-06-24', '2022-07-02', 2, 3, '2022-08-10 08:23:23', '2022-08-10 08:23:23'),
(156, '379', '1', '2022-02-20', NULL, 3, 2, '2022-08-10 08:23:23', '2022-08-10 08:23:23'),
(157, '371', '3', '2021-10-29', '2021-10-31', 1, 4, '2022-08-10 08:23:23', '2022-08-10 08:23:23'),
(158, '98', '3', '2021-10-23', '2021-10-29', 3, 4, '2022-08-10 08:23:23', '2022-08-10 08:23:23'),
(159, '444', '2', '2021-12-19', NULL, 4, 3, '2022-08-10 08:23:23', '2022-08-10 08:23:23'),
(160, '356', '2', '2022-06-04', NULL, 1, 1, '2022-08-10 08:23:23', '2022-08-10 08:23:23'),
(161, '264', '1', '2022-03-06', NULL, 1, 1, '2022-08-10 08:23:23', '2022-08-10 08:23:23'),
(162, '347', '2', '2021-09-22', NULL, 3, 4, '2022-08-10 08:23:23', '2022-08-10 08:23:23'),
(163, '387', '2', '2021-09-01', NULL, 2, 1, '2022-08-10 08:23:23', '2022-08-10 08:23:23'),
(164, '129', '1', '2022-07-22', NULL, 1, 2, '2022-08-10 08:23:23', '2022-08-10 08:23:23'),
(165, '141', '2', '2021-10-17', NULL, 1, 3, '2022-08-10 08:23:23', '2022-08-10 08:23:23'),
(166, '180', '3', '2021-10-31', '2021-11-02', 1, 1, '2022-08-10 08:23:23', '2022-08-10 08:23:23'),
(167, '302', '2', '2022-01-18', NULL, 3, 2, '2022-08-10 08:23:23', '2022-08-10 08:23:23'),
(168, '277', '3', '2022-01-09', '2022-01-23', 2, 4, '2022-08-10 08:23:23', '2022-08-10 08:23:23'),
(169, '470', '3', '2021-12-13', '2021-12-21', 2, 3, '2022-08-10 08:23:23', '2022-08-10 08:23:23'),
(170, '232', '3', '2022-06-09', '2022-06-28', 1, 1, '2022-08-10 08:23:23', '2022-08-10 08:23:23'),
(171, '440', '3', '2022-07-20', '2022-07-21', 1, 2, '2022-08-10 08:23:23', '2022-08-10 08:23:23'),
(172, '124', '3', '2021-12-24', '2021-12-28', 2, 2, '2022-08-10 08:23:23', '2022-08-10 08:23:23'),
(173, '56', '3', '2021-09-18', '2021-09-27', 4, 1, '2022-08-10 08:23:23', '2022-08-10 08:23:23'),
(174, '214', '2', '2022-05-18', NULL, 3, 2, '2022-08-10 08:23:23', '2022-08-10 08:23:23'),
(175, '491', '1', '2022-05-31', NULL, 1, 2, '2022-08-10 08:23:23', '2022-08-10 08:23:23'),
(176, '106', '3', '2022-01-31', '2022-02-07', 4, 3, '2022-08-10 08:23:23', '2022-08-10 08:23:23'),
(177, '304', '1', '2021-10-24', NULL, 1, 4, '2022-08-10 08:23:24', '2022-08-10 08:23:24'),
(178, '323', '3', '2022-07-06', '2022-07-14', 2, 3, '2022-08-10 08:23:24', '2022-08-10 08:23:24'),
(179, '471', '2', '2022-07-14', NULL, 1, 1, '2022-08-10 08:23:24', '2022-08-10 08:23:24'),
(180, '162', '3', '2022-02-09', '2022-02-25', 2, 3, '2022-08-10 08:23:24', '2022-08-10 08:23:24'),
(181, '449', '1', '2021-10-18', NULL, 1, 4, '2022-08-10 08:23:24', '2022-08-10 08:23:24'),
(182, '146', '2', '2022-01-17', NULL, 2, 3, '2022-08-10 08:23:24', '2022-08-10 08:23:24'),
(183, '346', '1', '2022-03-20', NULL, 1, 3, '2022-08-10 08:23:24', '2022-08-10 08:23:24'),
(184, '499', '2', '2022-01-22', NULL, 4, 1, '2022-08-10 08:23:24', '2022-08-10 08:23:24'),
(185, '77', '3', '2021-09-17', '2021-10-07', 4, 1, '2022-08-10 08:23:24', '2022-08-10 08:23:24'),
(186, '290', '3', '2022-07-01', '2022-07-20', 1, 2, '2022-08-10 08:23:24', '2022-08-10 08:23:24'),
(187, '220', '3', '2022-04-27', '2022-05-07', 3, 4, '2022-08-10 08:23:24', '2022-08-10 08:23:24'),
(188, '298', '1', '2022-06-03', NULL, 3, 2, '2022-08-10 08:23:24', '2022-08-10 08:23:24'),
(189, '80', '2', '2021-09-26', NULL, 3, 2, '2022-08-10 08:23:24', '2022-08-10 08:23:24'),
(190, '215', '1', '2022-08-05', NULL, 3, 1, '2022-08-10 08:23:24', '2022-08-10 08:23:24'),
(191, '305', '3', '2022-04-17', '2022-05-06', 2, 2, '2022-08-10 08:23:24', '2022-08-10 08:23:24'),
(192, '341', '3', '2021-10-02', '2021-10-08', 3, 4, '2022-08-10 08:23:24', '2022-08-10 08:23:24'),
(193, '207', '1', '2022-05-06', NULL, 3, 4, '2022-08-10 08:23:24', '2022-08-10 08:23:24'),
(194, '370', '3', '2021-10-15', '2021-10-20', 2, 2, '2022-08-10 08:23:24', '2022-08-10 08:23:24'),
(195, '59', '2', '2022-07-03', NULL, 3, 2, '2022-08-10 08:23:24', '2022-08-10 08:23:24'),
(196, '455', '3', '2022-02-09', '2022-03-01', 2, 2, '2022-08-10 08:23:24', '2022-08-10 08:23:24'),
(197, '388', '1', '2022-03-26', NULL, 1, 1, '2022-08-10 08:23:24', '2022-08-10 08:23:24'),
(198, '149', '3', '2022-06-20', '2022-06-28', 3, 1, '2022-08-10 08:23:24', '2022-08-10 08:23:24'),
(199, '448', '2', '2022-02-11', NULL, 3, 3, '2022-08-10 08:23:24', '2022-08-10 08:23:24'),
(200, '493', '2', '2022-07-16', NULL, 3, 1, '2022-08-10 08:23:24', '2022-08-10 08:23:24'),
(201, '147', '3', '2022-05-10', '2022-05-22', 1, 1, '2022-08-10 08:24:35', '2022-08-10 08:24:35'),
(202, '348', '2', '2022-05-14', NULL, 2, 1, '2022-08-10 08:24:35', '2022-08-10 08:24:35'),
(203, '367', '2', '2022-08-08', NULL, 2, 4, '2022-08-10 08:24:35', '2022-08-10 08:24:35'),
(204, '481', '2', '2022-07-04', NULL, 3, 4, '2022-08-10 08:24:35', '2022-08-10 08:24:35'),
(205, '52', '2', '2022-06-27', NULL, 2, 2, '2022-08-10 08:24:35', '2022-08-10 08:24:35'),
(206, '308', '1', '2022-08-01', NULL, 4, 2, '2022-08-10 08:24:35', '2022-08-10 08:24:35'),
(207, '123', '2', '2021-10-02', NULL, 3, 1, '2022-08-10 08:24:35', '2022-08-10 08:24:35'),
(208, '263', '1', '2021-11-28', NULL, 1, 2, '2022-08-10 08:24:35', '2022-08-10 08:24:35'),
(209, '401', '2', '2022-02-28', NULL, 1, 1, '2022-08-10 08:24:35', '2022-08-10 08:24:35'),
(210, '160', '1', '2022-05-27', NULL, 3, 3, '2022-08-10 08:24:35', '2022-08-10 08:24:35'),
(211, '6', '1', '2022-04-27', NULL, 1, 1, '2022-08-10 08:24:35', '2022-08-10 08:24:35'),
(212, '109', '1', '2021-08-27', NULL, 2, 3, '2022-08-10 08:24:35', '2022-08-10 08:24:35'),
(213, '214', '1', '2022-06-30', NULL, 4, 1, '2022-08-10 08:24:35', '2022-08-10 08:24:35'),
(214, '443', '2', '2022-07-01', NULL, 2, 2, '2022-08-10 08:24:35', '2022-08-10 08:24:35'),
(215, '390', '3', '2022-05-12', '2022-05-26', 2, 1, '2022-08-10 08:24:35', '2022-08-10 08:24:35'),
(216, '153', '2', '2021-10-22', NULL, 1, 4, '2022-08-10 08:24:35', '2022-08-10 08:24:35'),
(217, '324', '3', '2022-03-29', '2022-04-17', 2, 4, '2022-08-10 08:24:35', '2022-08-10 08:24:35'),
(218, '400', '3', '2022-07-04', '2022-07-10', 3, 2, '2022-08-10 08:24:35', '2022-08-10 08:24:35'),
(219, '251', '1', '2022-06-08', NULL, 2, 2, '2022-08-10 08:24:35', '2022-08-10 08:24:35'),
(220, '85', '3', '2022-08-07', '2022-08-14', 2, 2, '2022-08-10 08:24:35', '2022-08-10 08:24:35'),
(221, '437', '1', '2022-05-18', NULL, 3, 2, '2022-08-10 08:24:35', '2022-08-10 08:24:35'),
(222, '104', '1', '2022-07-22', NULL, 3, 4, '2022-08-10 08:24:35', '2022-08-10 08:24:35'),
(223, '317', '2', '2022-04-30', NULL, 1, 4, '2022-08-10 08:24:35', '2022-08-10 08:24:35'),
(224, '191', '2', '2021-10-02', NULL, 4, 3, '2022-08-10 08:24:35', '2022-08-10 08:24:35'),
(225, '346', '1', '2021-10-22', NULL, 4, 4, '2022-08-10 08:24:35', '2022-08-10 08:24:35'),
(226, '212', '3', '2022-02-22', '2022-03-12', 2, 2, '2022-08-10 08:24:35', '2022-08-10 08:24:35'),
(227, '165', '1', '2021-10-17', NULL, 3, 3, '2022-08-10 08:24:35', '2022-08-10 08:24:35'),
(228, '395', '2', '2022-01-22', NULL, 4, 2, '2022-08-10 08:24:35', '2022-08-10 08:24:35'),
(229, '209', '1', '2021-11-15', NULL, 4, 4, '2022-08-10 08:24:35', '2022-08-10 08:24:35'),
(230, '418', '1', '2022-04-25', NULL, 3, 4, '2022-08-10 08:24:35', '2022-08-10 08:24:35'),
(231, '27', '1', '2022-02-22', NULL, 3, 4, '2022-08-10 08:24:35', '2022-08-10 08:24:35'),
(232, '276', '2', '2021-12-07', NULL, 1, 4, '2022-08-10 08:24:35', '2022-08-10 08:24:35'),
(233, '362', '3', '2022-02-21', '2022-02-22', 2, 3, '2022-08-10 08:24:35', '2022-08-10 08:24:35'),
(234, '473', '1', '2021-10-17', NULL, 2, 3, '2022-08-10 08:24:35', '2022-08-10 08:24:35'),
(235, '173', '1', '2021-10-13', NULL, 1, 1, '2022-08-10 08:24:35', '2022-08-10 08:24:35'),
(236, '72', '3', '2022-07-26', '2022-07-28', 4, 3, '2022-08-10 08:24:35', '2022-08-10 08:24:35'),
(237, '118', '2', '2022-01-24', NULL, 1, 2, '2022-08-10 08:24:35', '2022-08-10 08:24:35'),
(238, '128', '1', '2022-04-10', NULL, 3, 2, '2022-08-10 08:24:35', '2022-08-10 08:24:35'),
(239, '132', '2', '2022-02-15', NULL, 1, 4, '2022-08-10 08:24:35', '2022-08-10 08:24:35'),
(240, '97', '2', '2022-03-31', NULL, 4, 1, '2022-08-10 08:24:35', '2022-08-10 08:24:35'),
(241, '471', '2', '2021-08-23', NULL, 2, 2, '2022-08-10 08:24:35', '2022-08-10 08:24:35'),
(242, '419', '2', '2022-07-31', NULL, 4, 2, '2022-08-10 08:24:35', '2022-08-10 08:24:35'),
(243, '124', '2', '2021-08-19', NULL, 3, 2, '2022-08-10 08:24:35', '2022-08-10 08:24:35'),
(244, '20', '1', '2022-05-07', NULL, 4, 2, '2022-08-10 08:24:35', '2022-08-10 08:24:35'),
(245, '183', '3', '2022-02-24', '2022-02-27', 1, 2, '2022-08-10 08:24:35', '2022-08-10 08:24:35'),
(246, '187', '2', '2022-05-11', NULL, 1, 4, '2022-08-10 08:24:35', '2022-08-10 08:24:35'),
(247, '241', '3', '2021-08-29', '2021-09-16', 1, 1, '2022-08-10 08:24:35', '2022-08-10 08:24:35'),
(248, '134', '2', '2022-04-11', NULL, 3, 2, '2022-08-10 08:24:35', '2022-08-10 08:24:35'),
(249, '222', '2', '2021-11-29', NULL, 2, 2, '2022-08-10 08:24:35', '2022-08-10 08:24:35'),
(250, '1', '2', '2022-04-24', NULL, 4, 4, '2022-08-10 08:24:35', '2022-08-10 08:24:35'),
(251, '340', '1', '2022-06-11', NULL, 4, 3, '2022-08-10 08:24:35', '2022-08-10 08:24:35'),
(252, '363', '2', '2021-09-24', NULL, 1, 4, '2022-08-10 08:24:35', '2022-08-10 08:24:35'),
(253, '267', '3', '2022-01-13', '2022-01-17', 3, 1, '2022-08-10 08:24:35', '2022-08-10 08:24:35'),
(254, '279', '3', '2022-03-02', '2022-03-11', 1, 1, '2022-08-10 08:24:35', '2022-08-10 08:24:35'),
(255, '333', '1', '2021-12-10', NULL, 2, 1, '2022-08-10 08:24:35', '2022-08-10 08:24:35'),
(256, '208', '2', '2022-05-01', NULL, 4, 4, '2022-08-10 08:24:35', '2022-08-10 08:24:35'),
(257, '342', '1', '2022-02-04', NULL, 1, 1, '2022-08-10 08:24:35', '2022-08-10 08:24:35'),
(258, '159', '3', '2022-06-24', '2022-07-09', 1, 1, '2022-08-10 08:24:35', '2022-08-10 08:24:35'),
(259, '8', '1', '2022-04-01', NULL, 4, 4, '2022-08-10 08:24:35', '2022-08-10 08:24:35'),
(260, '58', '2', '2022-02-22', NULL, 4, 4, '2022-08-10 08:24:35', '2022-08-10 08:24:35'),
(261, '235', '1', '2021-09-03', NULL, 4, 3, '2022-08-10 08:24:35', '2022-08-10 08:24:35'),
(262, '309', '2', '2021-10-16', NULL, 4, 2, '2022-08-10 08:24:35', '2022-08-10 08:24:35'),
(263, '100', '1', '2022-03-11', NULL, 3, 2, '2022-08-10 08:24:35', '2022-08-10 08:24:35'),
(264, '331', '2', '2022-01-19', NULL, 3, 4, '2022-08-10 08:24:35', '2022-08-10 08:24:35'),
(265, '422', '2', '2022-06-30', NULL, 4, 3, '2022-08-10 08:24:35', '2022-08-10 08:24:35'),
(266, '295', '3', '2021-11-06', '2021-11-11', 4, 3, '2022-08-10 08:24:35', '2022-08-10 08:24:35'),
(267, '219', '1', '2021-08-25', NULL, 1, 2, '2022-08-10 08:24:35', '2022-08-10 08:24:35'),
(268, '65', '2', '2021-08-24', NULL, 4, 2, '2022-08-10 08:24:35', '2022-08-10 08:24:35'),
(269, '289', '1', '2022-07-14', NULL, 1, 4, '2022-08-10 08:24:35', '2022-08-10 08:24:35'),
(270, '351', '2', '2022-01-06', NULL, 4, 2, '2022-08-10 08:24:35', '2022-08-10 08:24:35'),
(271, '337', '3', '2021-11-01', '2021-11-10', 1, 2, '2022-08-10 08:24:35', '2022-08-10 08:24:35'),
(272, '424', '1', '2022-06-07', NULL, 2, 1, '2022-08-10 08:24:35', '2022-08-10 08:24:35'),
(273, '17', '2', '2021-12-16', NULL, 2, 2, '2022-08-10 08:24:35', '2022-08-10 08:24:35'),
(274, '442', '2', '2022-03-01', NULL, 2, 3, '2022-08-10 08:24:35', '2022-08-10 08:24:35'),
(275, '169', '3', '2021-08-20', '2021-08-30', 3, 2, '2022-08-10 08:24:35', '2022-08-10 08:24:35'),
(276, '223', '1', '2022-03-31', NULL, 3, 2, '2022-08-10 08:24:35', '2022-08-10 08:24:35'),
(277, '202', '3', '2022-08-03', '2022-08-19', 3, 3, '2022-08-10 08:24:35', '2022-08-10 08:24:35'),
(278, '474', '1', '2022-04-03', NULL, 1, 4, '2022-08-10 08:24:35', '2022-08-10 08:24:35'),
(279, '361', '2', '2021-10-29', NULL, 2, 1, '2022-08-10 08:24:35', '2022-08-10 08:24:35'),
(280, '365', '2', '2022-07-30', NULL, 4, 1, '2022-08-10 08:24:35', '2022-08-10 08:24:35'),
(281, '143', '2', '2021-10-08', NULL, 3, 1, '2022-08-10 08:24:35', '2022-08-10 08:24:35'),
(282, '462', '1', '2021-08-16', NULL, 3, 1, '2022-08-10 08:24:35', '2022-08-10 08:24:35'),
(283, '88', '1', '2021-09-26', NULL, 1, 1, '2022-08-10 08:24:35', '2022-08-10 08:24:35'),
(284, '176', '2', '2022-06-27', NULL, 3, 3, '2022-08-10 08:24:35', '2022-08-10 08:24:35'),
(285, '427', '2', '2022-08-05', NULL, 3, 2, '2022-08-10 08:24:35', '2022-08-10 08:24:35'),
(286, '435', '3', '2021-11-07', '2021-11-25', 1, 1, '2022-08-10 08:24:35', '2022-08-10 08:24:35'),
(287, '500', '3', '2022-01-01', '2022-01-07', 1, 2, '2022-08-10 08:24:35', '2022-08-10 08:24:35'),
(288, '382', '1', '2021-09-03', NULL, 3, 1, '2022-08-10 08:24:35', '2022-08-10 08:24:35'),
(289, '233', '1', '2021-11-16', NULL, 4, 3, '2022-08-10 08:24:35', '2022-08-10 08:24:35'),
(290, '59', '2', '2021-09-16', NULL, 3, 1, '2022-08-10 08:24:35', '2022-08-10 08:24:35'),
(291, '174', '1', '2022-07-25', NULL, 4, 3, '2022-08-10 08:24:35', '2022-08-10 08:24:35'),
(292, '117', '1', '2022-07-11', NULL, 4, 1, '2022-08-10 08:24:35', '2022-08-10 08:24:35'),
(293, '195', '2', '2022-07-07', NULL, 1, 1, '2022-08-10 08:24:35', '2022-08-10 08:24:35'),
(294, '196', '2', '2022-05-26', NULL, 1, 2, '2022-08-10 08:24:35', '2022-08-10 08:24:35'),
(295, '288', '2', '2021-11-09', NULL, 3, 4, '2022-08-10 08:24:35', '2022-08-10 08:24:35'),
(296, '391', '1', '2022-03-10', NULL, 4, 1, '2022-08-10 08:24:35', '2022-08-10 08:24:35'),
(297, '5', '1', '2021-08-10', NULL, 1, 2, '2022-08-10 08:24:35', '2022-08-10 08:24:35'),
(298, '230', '2', '2021-11-25', NULL, 2, 3, '2022-08-10 08:24:35', '2022-08-10 08:24:35'),
(299, '62', '3', '2022-07-02', '2022-07-21', 4, 1, '2022-08-10 08:24:35', '2022-08-10 08:24:35'),
(300, '138', '1', '2021-12-08', NULL, 3, 2, '2022-08-10 08:24:35', '2022-08-10 08:24:35'),
(301, '205', '2', '2022-07-20', NULL, 3, 1, '2022-08-10 08:24:35', '2022-08-10 08:24:35'),
(302, '315', '2', '2022-03-25', NULL, 3, 4, '2022-08-10 08:24:35', '2022-08-10 08:24:35'),
(303, '51', '2', '2022-06-18', NULL, 4, 1, '2022-08-10 08:24:35', '2022-08-10 08:24:35'),
(304, '164', '3', '2022-08-05', '2022-08-14', 4, 1, '2022-08-10 08:24:35', '2022-08-10 08:24:35'),
(305, '326', '3', '2021-12-21', '2021-12-28', 1, 2, '2022-08-10 08:24:35', '2022-08-10 08:24:35'),
(306, '102', '1', '2022-06-19', NULL, 1, 1, '2022-08-10 08:24:35', '2022-08-10 08:24:35'),
(307, '15', '3', '2022-07-09', '2022-07-10', 3, 4, '2022-08-10 08:24:35', '2022-08-10 08:24:35'),
(308, '237', '3', '2022-01-26', '2022-01-31', 1, 2, '2022-08-10 08:24:35', '2022-08-10 08:24:35'),
(309, '16', '2', '2021-08-25', NULL, 4, 1, '2022-08-10 08:24:35', '2022-08-10 08:24:35'),
(310, '33', '2', '2022-03-11', NULL, 3, 4, '2022-08-10 08:24:35', '2022-08-10 08:24:35'),
(311, '358', '1', '2022-02-14', NULL, 3, 4, '2022-08-10 08:24:35', '2022-08-10 08:24:35'),
(312, '381', '1', '2022-02-18', NULL, 2, 2, '2022-08-10 08:24:35', '2022-08-10 08:24:35'),
(313, '64', '1', '2022-01-26', NULL, 2, 1, '2022-08-10 08:24:35', '2022-08-10 08:24:35'),
(314, '325', '1', '2021-09-22', NULL, 3, 2, '2022-08-10 08:24:35', '2022-08-10 08:24:35'),
(315, '415', '2', '2021-10-07', NULL, 2, 4, '2022-08-10 08:24:35', '2022-08-10 08:24:35'),
(316, '379', '2', '2021-11-22', NULL, 4, 4, '2022-08-10 08:24:35', '2022-08-10 08:24:35'),
(317, '252', '2', '2022-03-29', NULL, 2, 1, '2022-08-10 08:24:35', '2022-08-10 08:24:35'),
(318, '180', '3', '2022-03-03', '2022-03-03', 4, 2, '2022-08-10 08:24:35', '2022-08-10 08:24:35'),
(319, '43', '3', '2022-08-04', '2022-08-13', 3, 2, '2022-08-10 08:24:35', '2022-08-10 08:24:35'),
(320, '171', '1', '2022-07-04', NULL, 1, 1, '2022-08-10 08:24:35', '2022-08-10 08:24:35'),
(321, '198', '2', '2022-03-29', NULL, 1, 4, '2022-08-10 08:24:35', '2022-08-10 08:24:35'),
(322, '70', '3', '2021-11-16', '2021-11-23', 2, 3, '2022-08-10 08:24:35', '2022-08-10 08:24:35'),
(323, '366', '1', '2022-07-05', NULL, 2, 2, '2022-08-10 08:24:35', '2022-08-10 08:24:35'),
(324, '30', '2', '2021-09-20', NULL, 2, 2, '2022-08-10 08:24:35', '2022-08-10 08:24:35'),
(325, '488', '3', '2022-03-04', '2022-03-21', 1, 1, '2022-08-10 08:24:35', '2022-08-10 08:24:35'),
(326, '421', '2', '2021-09-11', NULL, 2, 3, '2022-08-10 08:24:35', '2022-08-10 08:24:35'),
(327, '266', '2', '2022-06-10', NULL, 4, 2, '2022-08-10 08:24:35', '2022-08-10 08:24:35'),
(328, '119', '3', '2021-12-20', '2021-12-29', 1, 1, '2022-08-10 08:24:35', '2022-08-10 08:24:35'),
(329, '413', '2', '2022-06-06', NULL, 4, 2, '2022-08-10 08:24:35', '2022-08-10 08:24:35'),
(330, '201', '1', '2022-02-24', NULL, 1, 1, '2022-08-10 08:24:35', '2022-08-10 08:24:35'),
(331, '172', '2', '2021-09-08', NULL, 4, 3, '2022-08-10 08:24:35', '2022-08-10 08:24:35'),
(332, '94', '2', '2022-02-19', NULL, 2, 1, '2022-08-10 08:24:35', '2022-08-10 08:24:35'),
(333, '460', '2', '2021-12-23', NULL, 1, 1, '2022-08-10 08:24:35', '2022-08-10 08:24:35'),
(334, '194', '3', '2021-12-17', '2021-12-27', 2, 3, '2022-08-10 08:24:35', '2022-08-10 08:24:35'),
(335, '354', '2', '2021-08-27', NULL, 2, 1, '2022-08-10 08:24:35', '2022-08-10 08:24:35'),
(336, '50', '2', '2022-03-27', NULL, 3, 4, '2022-08-10 08:24:35', '2022-08-10 08:24:35'),
(337, '334', '1', '2021-11-06', NULL, 1, 1, '2022-08-10 08:24:35', '2022-08-10 08:24:35'),
(338, '175', '1', '2021-11-16', NULL, 3, 2, '2022-08-10 08:24:35', '2022-08-10 08:24:35'),
(339, '364', '2', '2021-10-16', NULL, 2, 3, '2022-08-10 08:24:35', '2022-08-10 08:24:35'),
(340, '234', '2', '2022-06-25', NULL, 3, 3, '2022-08-10 08:24:35', '2022-08-10 08:24:35'),
(341, '491', '2', '2022-06-06', NULL, 4, 3, '2022-08-10 08:24:35', '2022-08-10 08:24:35'),
(342, '259', '3', '2021-08-13', '2021-08-14', 1, 4, '2022-08-10 08:24:35', '2022-08-10 08:24:35'),
(343, '392', '3', '2022-04-04', '2022-04-05', 4, 1, '2022-08-10 08:24:35', '2022-08-10 08:24:35'),
(344, '307', '1', '2022-03-24', NULL, 2, 1, '2022-08-10 08:24:35', '2022-08-10 08:24:35'),
(345, '314', '2', '2022-03-01', NULL, 3, 1, '2022-08-10 08:24:35', '2022-08-10 08:24:35'),
(346, '155', '1', '2021-10-24', NULL, 4, 1, '2022-08-10 08:24:35', '2022-08-10 08:24:35'),
(347, '322', '3', '2022-03-20', '2022-03-30', 4, 1, '2022-08-10 08:24:35', '2022-08-10 08:24:35'),
(348, '158', '1', '2022-01-06', NULL, 3, 1, '2022-08-10 08:24:35', '2022-08-10 08:24:35'),
(349, '297', '1', '2021-08-11', NULL, 3, 1, '2022-08-10 08:24:35', '2022-08-10 08:24:35'),
(350, '146', '2', '2021-09-25', NULL, 4, 1, '2022-08-10 08:24:35', '2022-08-10 08:24:35'),
(351, '406', '1', '2021-09-09', NULL, 1, 1, '2022-08-10 08:24:35', '2022-08-10 08:24:35'),
(352, '3', '1', '2022-03-27', NULL, 4, 1, '2022-08-10 08:24:35', '2022-08-10 08:24:35'),
(353, '107', '3', '2022-02-26', '2022-03-08', 4, 1, '2022-08-10 08:24:35', '2022-08-10 08:24:35'),
(354, '306', '1', '2022-02-25', NULL, 3, 2, '2022-08-10 08:24:35', '2022-08-10 08:24:35'),
(355, '455', '2', '2022-07-20', NULL, 2, 2, '2022-08-10 08:24:35', '2022-08-10 08:24:35'),
(356, '352', '3', '2022-07-21', '2022-07-23', 2, 1, '2022-08-10 08:24:35', '2022-08-10 08:24:35'),
(357, '287', '2', '2021-09-18', NULL, 2, 3, '2022-08-10 08:24:35', '2022-08-10 08:24:35'),
(358, '446', '2', '2021-10-05', NULL, 3, 2, '2022-08-10 08:24:35', '2022-08-10 08:24:35'),
(359, '403', '3', '2022-01-07', '2022-01-26', 2, 3, '2022-08-10 08:24:35', '2022-08-10 08:24:35'),
(360, '71', '1', '2021-11-09', NULL, 2, 4, '2022-08-10 08:24:35', '2022-08-10 08:24:35'),
(361, '417', '1', '2022-01-28', NULL, 3, 1, '2022-08-10 08:24:35', '2022-08-10 08:24:35'),
(362, '120', '3', '2022-03-04', '2022-03-10', 1, 2, '2022-08-10 08:24:35', '2022-08-10 08:24:35'),
(363, '76', '3', '2022-06-21', '2022-06-28', 1, 4, '2022-08-10 08:24:35', '2022-08-10 08:24:35'),
(364, '378', '3', '2021-12-06', '2021-12-20', 2, 4, '2022-08-10 08:24:35', '2022-08-10 08:24:35'),
(365, '244', '1', '2022-05-18', NULL, 4, 1, '2022-08-10 08:24:35', '2022-08-10 08:24:35'),
(366, '441', '2', '2022-02-14', NULL, 1, 2, '2022-08-10 08:24:35', '2022-08-10 08:24:35'),
(367, '270', '2', '2022-03-13', NULL, 3, 1, '2022-08-10 08:24:35', '2022-08-10 08:24:35'),
(368, '144', '1', '2022-01-12', NULL, 3, 3, '2022-08-10 08:24:35', '2022-08-10 08:24:35'),
(369, '60', '3', '2021-10-07', '2021-10-26', 1, 2, '2022-08-10 08:24:35', '2022-08-10 08:24:35'),
(370, '56', '1', '2022-05-20', NULL, 3, 2, '2022-08-10 08:24:35', '2022-08-10 08:24:35'),
(371, '240', '2', '2022-01-09', NULL, 3, 4, '2022-08-10 08:24:35', '2022-08-10 08:24:35'),
(372, '95', '2', '2021-12-18', NULL, 1, 2, '2022-08-10 08:24:35', '2022-08-10 08:24:35'),
(373, '46', '3', '2022-03-05', '2022-03-06', 3, 3, '2022-08-10 08:24:35', '2022-08-10 08:24:35'),
(374, '57', '2', '2021-12-11', NULL, 1, 4, '2022-08-10 08:24:35', '2022-08-10 08:24:35'),
(375, '469', '2', '2021-11-24', NULL, 3, 2, '2022-08-10 08:24:35', '2022-08-10 08:24:35'),
(376, '414', '3', '2022-08-07', '2022-08-24', 1, 1, '2022-08-10 08:24:35', '2022-08-10 08:24:35'),
(377, '313', '3', '2022-07-27', '2022-08-01', 2, 1, '2022-08-10 08:24:35', '2022-08-10 08:24:35'),
(378, '23', '2', '2021-10-09', NULL, 4, 3, '2022-08-10 08:24:35', '2022-08-10 08:24:35'),
(379, '242', '2', '2022-06-04', NULL, 2, 2, '2022-08-10 08:24:35', '2022-08-10 08:24:35'),
(380, '260', '1', '2022-03-25', NULL, 4, 3, '2022-08-10 08:24:35', '2022-08-10 08:24:35'),
(381, '91', '1', '2021-11-22', NULL, 1, 4, '2022-08-10 08:24:35', '2022-08-10 08:24:35'),
(382, '103', '1', '2021-11-18', NULL, 2, 2, '2022-08-10 08:24:35', '2022-08-10 08:24:35'),
(383, '452', '1', '2021-09-16', NULL, 1, 4, '2022-08-10 08:24:35', '2022-08-10 08:24:35'),
(384, '200', '1', '2021-10-31', NULL, 4, 4, '2022-08-10 08:24:35', '2022-08-10 08:24:35'),
(385, '448', '3', '2022-04-11', '2022-04-27', 4, 2, '2022-08-10 08:24:35', '2022-08-10 08:24:35'),
(386, '369', '2', '2021-12-18', NULL, 1, 1, '2022-08-10 08:24:35', '2022-08-10 08:24:35'),
(387, '96', '2', '2022-06-04', NULL, 2, 1, '2022-08-10 08:24:35', '2022-08-10 08:24:35'),
(388, '89', '2', '2022-04-15', NULL, 1, 2, '2022-08-10 08:24:35', '2022-08-10 08:24:35'),
(389, '157', '1', '2022-01-09', NULL, 1, 3, '2022-08-10 08:24:35', '2022-08-10 08:24:35'),
(390, '321', '2', '2021-11-04', NULL, 1, 3, '2022-08-10 08:24:35', '2022-08-10 08:24:35'),
(391, '302', '3', '2022-07-11', '2022-07-13', 2, 3, '2022-08-10 08:24:35', '2022-08-10 08:24:35'),
(392, '4', '1', '2021-10-28', NULL, 2, 1, '2022-08-10 08:24:35', '2022-08-10 08:24:35'),
(393, '438', '3', '2022-03-14', '2022-03-23', 2, 1, '2022-08-10 08:24:35', '2022-08-10 08:24:35'),
(394, '135', '2', '2021-10-05', NULL, 4, 3, '2022-08-10 08:24:35', '2022-08-10 08:24:35'),
(395, '286', '1', '2022-01-10', NULL, 4, 1, '2022-08-10 08:24:35', '2022-08-10 08:24:35'),
(396, '494', '1', '2021-11-26', NULL, 4, 1, '2022-08-10 08:24:35', '2022-08-10 08:24:35'),
(397, '316', '3', '2022-04-30', '2022-05-02', 2, 4, '2022-08-10 08:24:35', '2022-08-10 08:24:35'),
(398, '444', '1', '2021-10-03', NULL, 4, 1, '2022-08-10 08:24:35', '2022-08-10 08:24:35'),
(399, '377', '3', '2022-01-08', '2022-01-10', 4, 4, '2022-08-10 08:24:35', '2022-08-10 08:24:35'),
(400, '216', '3', '2021-12-26', '2022-01-03', 1, 3, '2022-08-10 08:24:35', '2022-08-10 08:24:35');

-- --------------------------------------------------------

--
-- Структура таблицы `password_resets`
--

CREATE TABLE `password_resets` (
  `email` varchar(191) COLLATE utf8mb4_unicode_ci NOT NULL,
  `token` varchar(191) COLLATE utf8mb4_unicode_ci NOT NULL,
  `created_at` timestamp NULL DEFAULT NULL
) ENGINE=InnoDB DEFAULT CHARSET=utf8mb4 COLLATE=utf8mb4_unicode_ci;

-- --------------------------------------------------------

--
-- Структура таблицы `personal_access_tokens`
--

CREATE TABLE `personal_access_tokens` (
  `id` bigint(20) UNSIGNED NOT NULL,
  `tokenable_type` varchar(191) COLLATE utf8mb4_unicode_ci NOT NULL,
  `tokenable_id` bigint(20) UNSIGNED NOT NULL,
  `name` varchar(191) COLLATE utf8mb4_unicode_ci NOT NULL,
  `token` varchar(64) COLLATE utf8mb4_unicode_ci NOT NULL,
  `abilities` text COLLATE utf8mb4_unicode_ci,
  `last_used_at` timestamp NULL DEFAULT NULL,
  `expires_at` timestamp NULL DEFAULT NULL,
  `created_at` timestamp NULL DEFAULT NULL,
  `updated_at` timestamp NULL DEFAULT NULL
) ENGINE=InnoDB DEFAULT CHARSET=utf8mb4 COLLATE=utf8mb4_unicode_ci;

-- --------------------------------------------------------

--
-- Структура таблицы `statuses`
--

CREATE TABLE `statuses` (
  `id` bigint(20) UNSIGNED NOT NULL,
  `status` varchar(191) COLLATE utf8mb4_unicode_ci NOT NULL,
  `created_at` timestamp NULL DEFAULT NULL,
  `updated_at` timestamp NULL DEFAULT NULL
) ENGINE=InnoDB DEFAULT CHARSET=utf8mb4 COLLATE=utf8mb4_unicode_ci;

--
-- Дамп данных таблицы `statuses`
--

INSERT INTO `statuses` (`id`, `status`, `created_at`, `updated_at`) VALUES
(1, 'new', NULL, NULL),
(2, 'in_processing', NULL, NULL),
(3, 'done', NULL, NULL);

-- --------------------------------------------------------

--
-- Структура таблицы `users`
--

CREATE TABLE `users` (
  `id` bigint(20) UNSIGNED NOT NULL,
  `name` varchar(191) COLLATE utf8mb4_unicode_ci NOT NULL,
  `email` varchar(191) COLLATE utf8mb4_unicode_ci NOT NULL,
  `email_verified_at` timestamp NULL DEFAULT NULL,
  `password` varchar(191) COLLATE utf8mb4_unicode_ci NOT NULL,
  `remember_token` varchar(100) COLLATE utf8mb4_unicode_ci DEFAULT NULL,
  `created_at` timestamp NULL DEFAULT NULL,
  `updated_at` timestamp NULL DEFAULT NULL
) ENGINE=InnoDB DEFAULT CHARSET=utf8mb4 COLLATE=utf8mb4_unicode_ci;

--
-- Дамп данных таблицы `users`
--

INSERT INTO `users` (`id`, `name`, `email`, `email_verified_at`, `password`, `remember_token`, `created_at`, `updated_at`) VALUES
(1, 'heidenreich.christopher', 'heidenreich.christopher@mail.ua', '2022-08-10 08:23:23', '$2y$10$0X0sK8ksIEmm0CTWuRzWNe0TkIWtOne4VnLaejWtNTCzP0RqrEhfm', 'xf6KOQVIGy', '2022-08-10 08:23:23', '2022-08-10 08:23:23'),
(2, 'marshall.rowe', 'marshall.rowe@mail.ua', '2022-08-10 08:23:23', '$2y$10$0t3PAmIvU.cedixjwSfigux82oliUv4z.n0tqW8OXmQ9Q7UexHtpa', 'WOH2n60Anw', '2022-08-10 08:23:23', '2022-08-10 08:23:23'),
(3, 'ehartmann', 'ehartmann@mail.ua', '2022-08-10 08:23:23', '$2y$10$MTbL92FMSE9.YrwtWG6pZ.1v7P3TGt/9JrUaU0OCt0M.6nrMmF/nq', 'Ov6LvixeVZ', '2022-08-10 08:23:23', '2022-08-10 08:23:23'),
(4, 'aglae.hand', 'aglae.hand@mail.ua', '2022-08-10 08:23:23', '$2y$10$PFeDWdoZPXZ6kN5gUX/1AOg.I3rA5dF2ThtxVZgK28KwawykYcR/K', 'ICZsgp1MhU', '2022-08-10 08:23:23', '2022-08-10 08:23:23');

--
-- Индексы сохранённых таблиц
--

--
-- Индексы таблицы `categories`
--
ALTER TABLE `categories`
  ADD PRIMARY KEY (`id`);

--
-- Индексы таблицы `failed_jobs`
--
ALTER TABLE `failed_jobs`
  ADD PRIMARY KEY (`id`),
  ADD UNIQUE KEY `failed_jobs_uuid_unique` (`uuid`);

--
-- Индексы таблицы `managers`
--
ALTER TABLE `managers`
  ADD PRIMARY KEY (`id`);

--
-- Индексы таблицы `migrations`
--
ALTER TABLE `migrations`
  ADD PRIMARY KEY (`id`);

--
-- Индексы таблицы `orders`
--
ALTER TABLE `orders`
  ADD PRIMARY KEY (`id`),
  ADD KEY `orders_manager_id_index` (`manager_id`),
  ADD KEY `orders_category_id_index` (`category_id`);

--
-- Индексы таблицы `password_resets`
--
ALTER TABLE `password_resets`
  ADD KEY `password_resets_email_index` (`email`);

--
-- Индексы таблицы `personal_access_tokens`
--
ALTER TABLE `personal_access_tokens`
  ADD PRIMARY KEY (`id`),
  ADD UNIQUE KEY `personal_access_tokens_token_unique` (`token`),
  ADD KEY `personal_access_tokens_tokenable_type_tokenable_id_index` (`tokenable_type`,`tokenable_id`);

--
-- Индексы таблицы `statuses`
--
ALTER TABLE `statuses`
  ADD PRIMARY KEY (`id`);

--
-- Индексы таблицы `users`
--
ALTER TABLE `users`
  ADD PRIMARY KEY (`id`),
  ADD UNIQUE KEY `users_email_unique` (`email`);

--
-- AUTO_INCREMENT для сохранённых таблиц
--

--
-- AUTO_INCREMENT для таблицы `categories`
--
ALTER TABLE `categories`
  MODIFY `id` bigint(20) UNSIGNED NOT NULL AUTO_INCREMENT, AUTO_INCREMENT=5;

--
-- AUTO_INCREMENT для таблицы `failed_jobs`
--
ALTER TABLE `failed_jobs`
  MODIFY `id` bigint(20) UNSIGNED NOT NULL AUTO_INCREMENT;

--
-- AUTO_INCREMENT для таблицы `managers`
--
ALTER TABLE `managers`
  MODIFY `id` bigint(20) UNSIGNED NOT NULL AUTO_INCREMENT, AUTO_INCREMENT=5;

--
-- AUTO_INCREMENT для таблицы `migrations`
--
ALTER TABLE `migrations`
  MODIFY `id` int(10) UNSIGNED NOT NULL AUTO_INCREMENT, AUTO_INCREMENT=33;

--
-- AUTO_INCREMENT для таблицы `orders`
--
ALTER TABLE `orders`
  MODIFY `id` bigint(20) UNSIGNED NOT NULL AUTO_INCREMENT, AUTO_INCREMENT=401;

--
-- AUTO_INCREMENT для таблицы `personal_access_tokens`
--
ALTER TABLE `personal_access_tokens`
  MODIFY `id` bigint(20) UNSIGNED NOT NULL AUTO_INCREMENT;

--
-- AUTO_INCREMENT для таблицы `statuses`
--
ALTER TABLE `statuses`
  MODIFY `id` bigint(20) UNSIGNED NOT NULL AUTO_INCREMENT, AUTO_INCREMENT=4;

--
-- AUTO_INCREMENT для таблицы `users`
--
ALTER TABLE `users`
  MODIFY `id` bigint(20) UNSIGNED NOT NULL AUTO_INCREMENT, AUTO_INCREMENT=5;
COMMIT;

/*!40101 SET CHARACTER_SET_CLIENT=@OLD_CHARACTER_SET_CLIENT */;
/*!40101 SET CHARACTER_SET_RESULTS=@OLD_CHARACTER_SET_RESULTS */;
/*!40101 SET COLLATION_CONNECTION=@OLD_COLLATION_CONNECTION */;
